<?xml version="1.0" encoding="UTF-8"?>
<addon id="repository.Mongolia" name="Mongolia Repo" version="2.0.5" provider-name="Mongolia Group">
	<requires>
            <import addon="xbmc.addon" version="12.0.0"/>
    </requires>
	<extension point="xbmc.addon.repository" name="Mongolia Repo">
		<dir>
			<info compressed="false">https://raw.githubusercontent.com/MrBlamo420/Project/master/zips/addons.xml</info>
            <checksum>https://raw.githubusercontent.com/MrBlamo420/Project/master/zips/addons.xml.md5</checksum>
            <datadir zip="true">https://raw.githubusercontent.com/MrBlamo420/Project/master/zips/</datadir>
            <hashes>false</hashes>
	    </dir>
	
    </extension>
	<extension point="xbmc.addon.metadata">
		<summary>Repositorio Mongolia Media</summary>
		<description>Mongolia Media es un repositorio con el fin de facilitar la instalacion de addons que no tienen repositorios.
		De esta manera los addons son automaticamente actualizados. Cada addon tiene su dueño. Todos los creditos de los addons son para sus creadores. Si Usted tiene un addon y no tiene un Host donde alojarlo con mucho gusto lo puede alojar en este repo si es de su interés. Me puede enviar email a intrcomp@gmail.com y con mucho gusto le ayudare. La meta de Mongolia Media es unir a la commnidad especialmente Latina en esta plataforma Open Source. Gracias a todos por su Apoyo</description>
		<platform>all</platform>
	</extension>
</addon>
